FOLIO,FECHA_Y_HORA_INICIO_LLAMADA,PRIORIDAD,ESTATUS,TIPO,SUBTIPO,CÓDIGO,INCIDENTE,CORPORACIÓN,CALLE,CALLE_ESQUINA,COLONIA,CODIGO_POSTAL,REFERENCIA,NÚMERO_EXTERIOR,NÚMERO_INTERIOR,FECHA_Y_HORA_DESPACHÓ,FECHA_Y_HORA_ACUDIÓ,FECHA_Y_HORA_CIERRE,COORDENADA_X,COORDENADA_Y,SPM_DISTRITO,SPM_SECTOR,Precategoria_incidente
9000001,01/07/2026 01:31:00 p. m.,ALTA,TERMINO,SEGURIDAD,ACTOS RELACIONADOS CON EL PATRIMONIO,30416,ROBO A ESCUELA SIN VIOLENCIA,"P [SPM, CES] V [PV]",CALLE EJEMPLO 1,CALLE CRUCE 1,PIE DE CASA (EL GRANJERO),32693,REFERENCIA FICTICIA,,1000,01/07/2026 01:33:00 p. m.,01/07/2026 01:42:00 p. m.,01/07/2026 02:33:00 p. m.,360869.24,3500717.64,CENTRO,505,
9000002,01/07/2026 05:56:00 p. m.,ALTA,TERMINO,SEGURIDAD,ACTOS RELACIONADOS CON OTROS BIENES JURIDICOS ,31003,"DAÑO A BIENES PUBLICOS, INSTITUCIONES, MONUMENTOS, ENTRE OTROS","P [SPM, CES] V [PV]",CALLE EJEMPLO 2,CALLE CRUCE 2,HIDALGO,32300,REFERENCIA FICTICIA,,1037,01/07/2026 05:57:00 p. m.,01/07/2026 06:08:00 p. m.,01/07/2026 06:31:00 p. m.,361031.37,3498363.44,ORIENTE,309,
9000003,01/07/2026 09:32:00 a. m.,ALTA,TERMINO,SEGURIDAD,ACTOS RELACIONADOS CON EL PATRIMONIO,30407,EXTORSION TELEFONICA,"P [SPM, CES] V [PV]",CALLE EJEMPLO 3,CALLE CRUCE 3,VILLAS DEL BRAVO I,32417,REFERENCIA FICTICIA,,1074,01/07/2026 09:36:00 a. m.,01/07/2026 09:39:00 a. m.,01/07/2026 10:25:00 a. m.,371369.4,3502612.52,PONIENTE,702,
9000004,01/07/2026 09:03:00 a. m.,ALTA,TERMINO,SEGURIDAD,DISTURBIOS Y ALTERACIÓN DEL ORDEN PÚBLICO,31112,RIÑA / PELEA CLANDESTINA,"P [SPM, CES] V [PV]",CALLE EJEMPLO 4,CALLE CRUCE 4,PARAJES DEL SUR,32575,REFERENCIA FICTICIA,,1111,01/07/2026 09:07:00 a. m.,01/07/2026 09:03:00 a. m.,01/07/2026 09:34:00 a. m.,366679.98,3492663.5,RIVERAS,519,
9000005,01/07/2026 10:27:00 a. m.,BAJA,TERMINO,SEGURIDAD,ACTOS RELACIONADOS CON OTROS BIENES JURIDICOS ,31002,AMENAZA,"P [SPM, CES] V [PV]",CALLE EJEMPLO 5,CALLE CRUCE 5,LOS ALCALDES AMPLIACION,32587,REFERENCIA FICTICIA,,1148,01/07/2026 10:28:00 a. m.,01/07/2026 10:40:00 a. m.,01/07/2026 11:09:00 a. m.,369793.52,3493614.53,SUR,701,
9000006,01/07/2026 05:44:00 p. m.,BAJA,TERMINO,SEGURIDAD,ACTOS RELACIONADOS CON LAS VÍAS DE COMUNICACIÓN / VIALIDAD,30309,ACCIDENTE DE TRANSITO SIN LESIONADOS,"P [SPM, CES] V [PV]",CALLE EJEMPLO 6,CALLE CRUCE 6,PRADERAS DEL SUR,32575,REFERENCIA FICTICIA,,1185,01/07/2026 05:46:00 p. m.,01/07/2026 05:54:00 p. m.,01/07/2026 06:10:00 p. m.,0.0,0.0,UNIVERSIDAD,711,
9000007,01/07/2026 11:30:00 a. m.,MEDIA,TERMINO,SEGURIDAD,ACTOS RELACIONADOS CON EL PATRIMONIO,30419,ROBO A NEGOCIO CON VIOLENCIA,"P [SPM, CES] V [PV]",CALLE EJEMPLO 7,CALLE CRUCE 7,MORELOS III,32573,REFERENCIA FICTICIA,,1222,01/07/2026 11:34:00 a. m.,01/07/2026 11:47:00 a. m.,01/07/2026 12:31:00 p. m.,369326.75,3499312.04,VALLE,528,
9000008,01/07/2026 02:10:00 p. m.,ALTA,TERMINO,SEGURIDAD,DISTURBIOS Y ALTERACIÓN DEL ORDEN PÚBLICO,31113,PERSONA EXHIBICIONISTA,"P [SPM, CES] V [PV]",CALLE EJEMPLO 8,CALLE CRUCE 8,VALLE ORIENTE,32575,REFERENCIA FICTICIA,,1259,01/07/2026 02:13:00 p. m.,01/07/2026 02:19:00 p. m.,01/07/2026 03:19:00 p. m.,368387.93,3494881.93,CENTRO,631,
9000009,01/07/2026 01:07:00 p. m.,MEDIA,TERMINO,SEGURIDAD,ACTOS RELACIONADOS CON EL PATRIMONIO,30416,ROBO A ESCUELA SIN VIOLENCIA,"P [SPM, CES] V [PV]",CALLE EJEMPLO 9,CALLE CRUCE 9,PRADERAS DE LOS OASIS,32674,REFERENCIA FICTICIA,,1296,01/07/2026 01:11:00 p. m.,01/07/2026 01:19:00 p. m.,01/07/2026 02:15:00 p. m.,363455.25,3509603.5,ORIENTE,131,Violencia contra la mujer
9000010,01/07/2026 04:44:00 p. m.,MEDIA,TERMINO,SEGURIDAD,ACTOS RELACIONADOS CON OTROS BIENES JURIDICOS ,31003,"DAÑO A BIENES PUBLICOS, INSTITUCIONES, MONUMENTOS, ENTRE OTROS","P [SPM, CES] V [PV]",CALLE EJEMPLO 10,CALLE CRUCE 10,AMERICAS,32300,REFERENCIA FICTICIA,,1333,01/07/2026 04:48:00 p. m.,01/07/2026 04:53:00 p. m.,01/07/2026 05:51:00 p. m.,361823.81,3499779.26,PONIENTE,111,
9000011,01/07/2026 07:24:00 p. m.,BAJA,TERMINO,SEGURIDAD,ACTOS RELACIONADOS CON EL PATRIMONIO,30407,EXTORSION TELEFONICA,"P [SPM, CES] V [PV]",CALLE EJEMPLO 11,CALLE CRUCE 11,LOS OLMOS TEC,32510,REFERENCIA FICTICIA,,1370,01/07/2026 07:25:00 p. m.,01/07/2026 07:40:00 p. m.,01/07/2026 08:25:00 p. m.,369469.13,3506367.07,RIVERAS,419,
9000012,01/07/2026 07:51:00 p. m.,BAJA,TERMINO,SEGURIDAD,DISTURBIOS Y ALTERACIÓN DEL ORDEN PÚBLICO,31112,RIÑA / PELEA CLANDESTINA,"P [SPM, CES] V [PV]",CALLE EJEMPLO 12,CALLE CRUCE 12,SIERRA VISTA,32575,REFERENCIA FICTICIA,,1407,01/07/2026 07:54:00 p. m.,01/07/2026 08:06:00 p. m.,01/07/2026 08:47:00 p. m.,369562.7,3491375.26,SUR,124,
