COLONIA,CODIGO_POSTAL
1 DE MAYO,32670
1 DE SEPTIEMBRE,32676
15 DE ENERO,32696
15 DE MAYO,32573
16 DE SEPTIEMBRE,32210
2DA. BUROCRATA,32340
5 DE MAYO,32620
6 DE MAYO,32670
ADOLFO LOPEZ MATEOS,32220
AEROPUERTO,32690
AEROPUERTO AMPLIACION,32690
AEROPUERTO INTERNACIONAL ABRAHAM GONZALEZ,32692
AGUILAS DE ZARAGOZA (IVIECH),32599
ALAMOS DE SENECU,32472
ALTAVISTA,32599
ALVARO OBREGON,32220
AMERICANO,32675
AMERICAS,32300
ANAHUAC,32240
ANDRES FIGUEROA,32650
ARCINIEGA,32390
ARCOIRIS,32423
ARROYO COLORADO,32140
AZTECA.,32280
BANUS 360,32544
BARRIO ALTO,
BARRIO NUEVO,32675
BELLA VISTA,32130
BOCA DEL RIO,32594
BOSQUES DE SALVARCAR,32575
BOSQUES DEL SOL,32617
BUROCRATA MUNICIPAL,32234
CAMPESTRE SAN MARCOS,32435
CAMPESTRE VIRREYES,32694
CAMPOS ELISEOS,32472
CANTO DE VERONA,32540
CARLOS CASTILLO PERAZA,32575
CARLOS CHAVIRA BECERRA,32575
CAZADORES JUARENSES,32110
CENTRAL DE ABASTOS,
CENTRO,
CENTRO DE DISTRITO III,
CENTRO DE DISTRITO IV,
CENTRO INDUSTRIAL JUAREZ,
CERESO Y CIUDAD MILITAR,
CERRADA SAN MATEO,32575
CERRADAS DEL ALAMO,32575
CERRADAS DEL SUR,32575
CERRADAS SAN ANGEL,32575
CHAMIZAL,
CHAVEÑA,
CHE GUEVARA,32625
CHIHUAHUA,32380
CHIHUAHUA (NORPONIENTE),32180
CIUDAD MODERNA,32670
CIUDAD RIO BRAVO,32550
COLEGIO,32340
COLINAS DEL DESIERTO,32696
COLINAS DEL NORTE,32674
COLONIAL DEL SUR,32695
COLONIAL DEL VALLE,32553
COLOSIO LUIS DONALDO,
CONSTITUCION,32260
CUERNAVACA,32520
DEL CARMEN,32160
DEL MAESTRO,32280
DEL MARQUEZ,32607
DEL REAL,32660
DEL SOLAR,32543
DIVISION DEL NORTE,32620
DIVISION DEL NORTE.,32670
DURANGO,32160
ECO 2000,32574
EDUCACION,32695
EL BARREAL,32040
EL CAMPANARIO 4 SIGLOS,32575
EL FORTIN,32598
EL MARMOL,32675
EL MEZQUITAL,32576
EL PAPALOTE,32599
EL SAUZAL,32599
EL VERGEL,32658
ELECTRICISTAS,32280
EMILIANO ZAPATA,32210
ENRIQUEZ GUZMAN M.,
ERENDIRA,32662
ESTACION MENDEZ,32675
EX HIPODROMO,32330
FELIPE ANGELES,32100
FIDEL AVILA,32540
FLORES DEMETRIO,
FOVISSSTE CHAMIZAL,32310
FRANCISCO I MADERO,32170
FRANCISCO SARABIA,32150
FRANCISCO VILLA (NORPONIENTE),32110
FRANJA DEL RIO,32108
FRAY GARCIA DE SAN FRANCISCO,32575
FRONTERIZA,32180
FRONTERIZA AMPLIACION,32215
FUNDIDORA,32630
GRANJAS DE CHAPULTEPEC,32677
GRANJAS POLO GAMBOA,32674
GRANJAS SANTA ELENA,32674
GRANJERO,
GREGORIO M. SOLIS,32160
GUADALAJARA,32220
GUSTAVO DIAZ ORDAZ,32220
HACIENDA DE LAS TORRES,32695
HACIENDA DE LAS TORRES UNIVERSIDAD,32576
HACIENDA DE LAS TORRES XII - XIII,32695
HACIENDA SANTA FE,32575
HARMONI,32668
HERMENEGILDO GALEANA,32230
HEROES DE LA REVOLUCION,32696
HEROES DE MEXICO,32590
HIDALGO,32300
HORIZONTES DEL SUR,32575
IGNACIO ALDAMA,32160
INDEPENDENCIA II,32670
INDEPENDENCIA SUR,32640
INDUSTRIAL,32270
INFONAVIT AMPLIACION AEROPUERTO,32698
INFONAVIT AMPLIACION AEROPUERTO V,32665
INFONAVIT ANGEL TRIAS,32668
INFONAVIT CASAS GRANDES,32600
INFONAVIT EL JARUDO,32659
INFONAVIT FIDEL VELAZQUEZ,32425
INFONAVIT JUAREZ NUEVO,32583
INFONAVIT OASIS,32697
INFONAVIT SAN LORENZO,32420
INFONAVIT SOLIDARIDAD,32584
INFONAVIT TECNOLOGICO,32699
INSURGENTES,32150
JARDINES CAMPESTRE,32434
JARDINES DE ROMA,32575
JARDINES DE SAN FRANCISCO,32575
JARDINES DEL AEROPUERTO,32695
JARDINES DEL BOSQUE,32539
JARDINES DEL VALLE,32563
JARDINES RESIDENCIAL,32618
JARUDO,32652
JAZMINES,32424
JOSE MARTI,32697
JOSEFA ORTIZ DE DOMINGUEZ,32140
JUANITA LUNA,
JUAREZ,32190
KILOMETRO 20,32674
KILOMETRO 20 JOSE MARIA,32695
KILOMETRO 27,32675
KILOMETRO 28,32675
KILOMETRO 5,32625
LA CAMPESINA,32675
LA CAÑADA,
LA CEMENTERA,32676
LA CUESTA,32650
LA CUESTA II,32653
LA ENRAMADA,32575
LA FLORIDA,32472
LA JOYA (ZONA CENTRO),32330
LA MESITA,32100
LA PARCELA,32409
LA PLAYA,32317
LADRILLERA JUAREZ,32108
LADRILLEROS Y CALEROS,32676
LAS ALMERAS,32695
LAS GLADIOLAS,32599
LAS HACIENDAS,32577
LAS PALMAS,32330
LAZARO CARDENAS,32150
LIBERTAD,32290
LOMAS DE LAS AGUILAS NORTE,
LOMAS DE LAS AGUILAS SUR,
LOMAS DE MORELOS,32676
LOMAS DE SAN JOSE,32680
LOMAS DEL POLEO,32107
LOMAS DEL REY,32651
LOMAS DEL VALLE,32599
LOS ALCALDES AMPLIACION,32587
LOS ARCOS,32695
LOS BOSQUES,32370
LOS GIRASOLES,32696
LOS OLMOS TEC,32510
LOS VIRREYES,32451
LUCIO BLANCO,32583
LUCIO BLANCO II,32583
LUCIO CABAÑAS,
LUIS ECHEVERRIA,32200
LUIS OLAGUE,32647
MAGISTERIAL,32350
MANUEL J. CLOUTHIER,32575
MANUEL VALDEZ,32590
MARGARITAS,32300
MARIANO ESCOBEDO,32230
MARQUIS,32536
MASCAREÑAS,
MAYORGA,32310
MELCHOR OCAMPO,32380
MEXICO 68,32640
MISIONES DE CREEL,32575
MISIONES DEL REAL,32575
MISIONES DEL SUR RESIDENCIAL,32537
MONTERREY,32070
MONUMENTAL.,32310
MONUMENTO,32020
MORADAS DEL PORVENIR,32545
MORELOS,32670
MORELOS I,32573
MORELOS II,32573
MORELOS III,32573
MORENO,32550
MUNICIPIO LIBRE,32575
NIÑOS HEROES,
NOGALES,32350
NOGALES NORTE,32340
NUEVA GALEANA,32230
NUEVO HIPODROMO,32685
NUEVO MILENIO.,32423
OASIS,32697
OASIS REVOLUCION,32674
OBRERA,32050
OLIVIA ESPINOZA DE BERMUDEZ,32575
ORIENTE XXI ROMA,32575
ORTIZ RUBIO,32548
PALMAS DEL SOL (VICTORIA),32695
PALO CHINO,32299
PANCHO VILLA,32688
PANFILO NATERA,32670
PAPIGOCHIC,32696
PAQUIME,32599
PARAJE DE SAN JUAN,32575
PARAJES DE ORIENTE,32575
PARAJES DE SAN ISIDRO,32575
PARAJES DE SAN ISIDRO II,32575
PARAJES DE SAN JOSE,32575
PARAJES DEL SOL,32696
PARAJES DEL SUR,32575
PARAJES DEL VALLE,32590
PARQUE CENTRAL,
PARQUE INDUSTRIAL AEROJUAREZ,
PARQUE INDUSTRIAL AEROPUERTO,
PARQUE INDUSTRIAL AMERICAS,
PARQUE INDUSTRIAL ANTONIO JAIME BERMUDEZ,
PARQUE INDUSTRIAL AZTECAS,
PARQUE INDUSTRIAL EJE VIAL JUAN GABRIEL,
PARQUE INDUSTRIAL ELECTROLUX,
PARQUE INDUSTRIAL FERNANDEZ,
PARQUE INDUSTRIAL HENEQUEN,
PARQUE INDUSTRIAL INTERMEX SUR,
PARQUE INDUSTRIAL JUAREZ,
PARQUE INDUSTRIAL LAS LOMAS,
PARQUE INDUSTRIAL LOS BRAVOS,
PARQUE INDUSTRIAL OMEGA,
PARQUE INDUSTRIAL PIMSA INTERMEX,
PARQUE INDUSTRIAL SALVARCAR,
PARQUE INDUSTRIAL ZARAGOZA,
PARQUE INDUSTRIAL.,
PARTIDO DOBLADO,32424
PARTIDO ESCOBEDO,32330
PARTIDO ROMERO,32030
PASEO DE LAS LILAS,32674
PASEO DE LAS PALMAS,32664
PASEOS DE SANTA MONICA,32695
PASEOS DE ZARAGOZA,32550
PASEOS DEL PEDREGAL,32674
PASO DEL NORTE(NORPONIENTE),32110
PERIODISTA,32178
PIE DE CASA (EL GRANJERO),32693
PINAR DEL RIO I,32414
PLUTARCO ELIAS CALLES,32217
PORTAL DE LOS OLIVOS,32599
PORTAL DEL ROBLE,32599
PORTAL DEL ROBLE II,32599
PORTAL DEL VALLE,32594
POSTAL,32140
PRADERA DORADA,32618
PRADERAS DE LA SIERRA I - V,32696
PRADERAS DE LOS ALAMOS,32695
PRADERAS DE LOS OASIS,32674
PRADERAS DE LOS OASIS II,32674
PRADERAS DEL ORIENTE,32599
PRADERAS DEL PACIFICO,32674
PRADERAS DEL SOL,32576
PRADERAS DEL SUR,32575
PRADOS DE SALVARCAR,32573
PRADOS DEL REAL,32667
PREDIO LOS OJITOS,32295
PROFESORA MARIA MARTINEZ,32575
PROFESORA SIMONA BARBA,32575
PROFESORA SIMONA BARBA.,32575
PROGRESISTA,32310
PRONAF,32315
PUENTE ALTO,32695
PUENTE DEL BRAVO,32695
PUERTO CASTILLA,32599
PUERTO CASTILLA II,32599
PUERTO DE ANAPRA,32107
PUERTO LA PAZ,32159
RANCHO ANAPRA,32107
REAL ACEQUIAS,32618
REAL DEL DESIERTO II,32575
REFORMA,32540
RESIDENCIAL ALAMEDAS,32404
RESIDENCIAL ESPAÑOL,
RESIDENCIAL PUEBLO DEL SOL,32537
REVOLUCION MEXICANA,32670
RICARDO FLORES MAGON,32290
RINCON DEL RIO,32594
RINCONES DE SALVARCAR,32575
RINCONES DE SALVARCAR II,32576
RINCONES DE SANTA FE,32540
RINCONES DEL BRAVO,32424
RIVERAS DEL BRAVO,32594
RIVERAS DEL BRAVO IX,
ROMA,32695
ROMA PONIENTE,32695
SALVARCAR,32580
SAN ANGEL,32389
SAN ANTONIO,32695
SAN FELIPE EL REAL,32177
SAN JOSE.,32390
SAN LORENZO.,32320
SAN MIGUEL DE ALLENDE,32379
SANTA MARIA,32676
SANTA ROSA,32250
SATELITE,32540
SATELITE II,32543
SENDEROS DE SAN ISIDRO,32575
SENDEROS DEL ORIENTE,32575
SENDEROS DEL SOL,32575
SERVICIOS EQUIPAMIENTO,
SERVICIOS EQUIPAMIENTO.,
SERVICIOS GENERALES III,
SERVICIOS GENERALES V,
SERVICIOS HABITACIONAL II,
SERVICIOS HABITACIONAL III,
SERVICIOS HABITACIONAL IV,
SEVILLA (HACIENDA DE LAS TORRES UNIVERSIDAD),32576
SICOMOROS,32349
SIERRA VISTA,32575
SIERRA VISTA SUR,32575
SILVIAS,32330
SOLIDARIDAD,32586
SOR JUANA INES DE LA CRUZ,32575
STOCKMEYER,32370
SUBCENTRO URBANO,
SUBCENTRO URBANO I,
SUBCENTRO URBANO II,
SULAIMAN,
TELEGRAFISTAS,32140
TERRANOVA,32576
TERRANOVA SUR,32576
TERRENOS NACIONALES SUR,32598
TIERRA NUEVA I,32599
TIERRA NUEVA II (FRANCISCO VILLARREAL),32599
TIRADORES DEL NORTE,32190
TORIBIO ORTEGA,32675
TORRES DEL PRI,32574
TORRES DEL SUR,32575
TRES FRESNOS,32380
TRES HERMANOS ARECCO,32385
UNIDAD HABITACIONAL BENITO JUAREZ,
UNIDAD HABITACIONAL EMILIANO ZAPATA,
URBIVILLA DEL CAMPO,32575
URBIVILLA DEL CEDRO,32575
URBIVILLA DEL PRADO,32575
URBIVILLA DEL PRADO I,32575
USOS MIXTOS II,
USOS MIXTOS IV,
USOS MIXTOS IX,
USOS MIXTOS VII,
USOS MIXTOS VIII,
USOS MIXTOS X,
VALLE DE ALLENDE,32575
VALLE DE OLIVOS,32695
VALLE DORADO I,32674
VALLE FUNDADORES,32575
VALLE ORIENTE,32575
VALLE VERDE,32448
VALLES DE AMERICA,32599
VICENTE GUERRERO,
VILLA BONITA,32550
VILLA COLONIAL,32674
VILLA RESIDENCIAL DEL REAL,32695
VILLAHERMOSA,32510
VILLAS DE ALCALA,32575
VILLAS DEL BRAVO I,32417
VILLAS DEL SUR,32695
VISTA DEL VALLE.,32668
VISTAS DE ZARAGOZA,32575
ZARAGOZA,32590
