CORPORACION,registros
"P [SPM, CES] V [PV]",390
"P [SPM, CES] O [C4] V [PV]",111
O [C4] V [PV],56
O [C4],42
"P [CES, SPM] V [PV]",23
P [SPM] O [GN] V [PV],15
"M [CRUM, CROJA, RESCATE] O [C4]",14
O [C4] S [CRISIS],11
"P [CES, SPM] O [C4] V [PV]",10
"M [CROJA, CRUM, RESCATE] P [SPM]",7
"M [RESCATE, CRUM, CROJA] P [SPM]",7
"M [CROJA, CRUM, RESCATE] P [SPM, CES] V [PV]",7
"M [CRUM, RESCATE, CROJA] O [C4]",6
R [HCB] O [C4],5
"R [HCB, HCB] P [SPM, CES] O [C4, GN] V [PV]",5
"R [HCB, HCB] O [C4]",5
"R [HCB, HCB] P [SPM, CES] O [GN, C4] V [PV]",4
"M [CROJA, CRUM, RESCATE] V [PV]",4
"R [HCB, HCB] O [C4] V [PV]",4
"M [RESCATE, CRUM, CROJA] V [PV]",4
V [PV],4
"M [CRUM, RESCATE, CROJA] P [SPM]",3
R [HCB] P [SPM],3
P [SPM] V [PV],3
"M [CROJA, RESCATE, CRUM] P [SPM, CES] V [PV]",3
"M [RESCATE, CRUM, CROJA] O [C4]",2
"M [CROJA, RESCATE, CRUM] P [SPM]",2
"R [HCB, HCB] P [CES, SPM] O [GN, C4] V [PV]",2
P [SPM] O [C4] V [PV],2
"P [SPM, AEI, CES] O [SEDENA] V [PV]",2
"M [CRUM, RESCATE, CROJA] V [PV]",2
"M [CRUM, RESCATE, CROJA] P [SPM, CES] V [PV]",2
"M [CROJA, CRUM, RESCATE] P [SPM, CES] O [C4] V [PV]",2
"M [RESCATE, CRUM, CROJA] P [SPM, CES] V [PV]",1
"P [CES, SPM]",1
"M [RESCATE, CRUM, CROJA] P [SPM] O [C4]",1
"M [CRUM, RESCATE, CROJA] P [SPM, CES] O [C4] V [PV]",1
"M [RESCATE, CRUM, CROJA] P [CES, SPM] V [PV]",1
"P [SPM, CES] O [GN] V [PV]",1
"R [HCB] P [SPM, CES] V [PV]",1
"R [HCB, HCB] M [CROJA, CRUM, RESCATE] P [SPM, CES] V [PV]",1
"M [CROJA, CRUM, RESCATE] P [SPM, CES] S [CRISIS] V [PV]",1
"M [RESCATE, CRUM, CROJA] O [C4] V [PV]",1
"R [HCB, HCB] M [CROJA, CRUM, RESCATE] P [SPM, CES] O [C4] V [PV]",1
"R [HCB, HCB] M [RESCATE, CRUM, CROJA] P [SPM, CES] V [PV]",1
"R [HCB, HCB] M [CRUM, RESCATE, CROJA] P [CES] O [GN, C4] V [PV]",1
"M [RESCATE, CRUM, CROJA] P [CES, SPM] S [CRISIS] V [PV]",1
"P [SPM, AEI, CES] O [SEDENA, GN] V [PV]",1
"M [CROJA, RESCATE, CRUM] P [SPM, CES] O [C4]",1
