TIPO,SUBTIPO,CÓDIGO,INCIDENTE
ASISTENCIA,APOYO,50301,APOYO A LA CIUDADANIA
ASISTENCIA,APOYO,50302,PERSONA LOCALIZADA
ASISTENCIA,APOYO,50303,MALTRATO DE ANIMALES
ASISTENCIA,APOYO,50304,PERSONA EN SITUACION DE CALLE
ASISTENCIA,APOYO,50305,SOLICITUD DE RONDIN
ASISTENCIA,APOYO,50306,QUEJA CONTRA SERVIDORES PUBLICOS
ASISTENCIA,NOTIFICACIÓN DE HALLAZGO,50203,VEHICULO RECUPERADO
ASISTENCIA,PROTECCIÓN,50105,RUIDO EXCESIVO
ASISTENCIA,PROTECCIÓN,50107,ABUSO DE CONFIANZA
ASISTENCIA,PROTECCIÓN,50108,ABUSO DE AUTORIDAD
IMPROCEDENTES,LLAMADAS IMPROCEDENTES,70101,LLAMADA DE BROMA POR NIÑOS
IMPROCEDENTES,LLAMADAS IMPROCEDENTES,70103,LLAMADA INCOMPLETA
IMPROCEDENTES,LLAMADAS IMPROCEDENTES,70104,LLAMADA MUDA
IMPROCEDENTES,LLAMADAS IMPROCEDENTES,70105,TRANSFERENCIA DE LLAMADA
IMPROCEDENTES,LLAMADAS IMPROCEDENTES,70106,INSULTOS POR ADULTOS/ LLAMADA OBSCENA
IMPROCEDENTES,LLAMADAS IMPROCEDENTES,70107,JOVENES/ ADULTOS JUGANDO
IMPROCEDENTES,LLAMADAS IMPROCEDENTES,70108,OTRAS LLAMADAS IMPROCEDENTES
MEDICO,ACCIDENTES,10103,ACCIDENTE DE MOTOCICLETA CON LESIONADOS 
MEDICO,ACCIDENTES,10107,ACCIDENTE MULTIPLE CON LESIONADOS 
MEDICO,ACCIDENTES,10116,ATROPELLAMIENTO 
MEDICO,CLÍNICOS ,10305,DIFICULTAD RESPIRATORIA/URGENCIA RESPIRATORIA 
MEDICO,CLÍNICOS ,10306,INTOXICACION ETILICA 
MEDICO,CLÍNICOS ,10307,CONVULSIONES
MEDICO,CLÍNICOS ,10308,PERSONA INCONSCIENTE/ URGENCIA NEUROLOGICA 
MEDICO,CLÍNICOS ,10310,URGENCIA POR ENFERMEDAD GENERAL 
MEDICO,CLÍNICOS ,10311,DOLOR ABDOMIAL / URGENCIA ABDOMINAL 
MEDICO,CLÍNICOS ,10312,DESCOMPENSACION DE LA DIABETES/ DESHIDRATACION
MEDICO,CLÍNICOS ,10314,INFARTO / URGENCIA CARDIOLOGICA 
MEDICO,CLÍNICOS ,10315,INTOXICACION/ SOBREDOSIS / ENVENENAMIENTO POR SUSTANCIAS 
MEDICO,CLÍNICOS ,10316,OTROS INCIDENTES MEDICOS CLINICOS
MEDICO,CLÍNICOS ,10317,FALLECIDO DE CAUSA NATURAL
MEDICO,CLÍNICOS ,10318,PERSONA EN CRISIS POR TRASTORNO MENTAL 
MEDICO,TRAUMÁTICOS ,10204,CAIDA
MEDICO,TRAUMÁTICOS ,10206,FRACTURADO/ TRAUMATISMO DE EXTREMIDADES 
MEDICO,TRAUMÁTICOS ,10207,HEMORRAGIA 
MEDICO,TRAUMÁTICOS ,10208,LESIONADO POR ARMA BLANCA 
MEDICO,TRAUMÁTICOS ,10210,MORDEDURA DE ANIMAL 
MEDICO,TRAUMÁTICOS ,10212,TRAUMATISMOS MULTIPLES 
MEDICO,TRAUMÁTICOS ,10219,FALLECIDO DE CAUSA TRAUMATICA
PROTECCION CIVIL,AUXILIO,20107,EXPLOSION
PROTECCION CIVIL,AUXILIO,20108,FUGAS Y DERRAMES DE SUSTANCIAS QUIMICAS
PROTECCION CIVIL,AUXILIO,20111,OLORES FETIDOS
PROTECCION CIVIL,INCENDIO,20301,INCENDIO DE CASA HABITACION
PROTECCION CIVIL,INCENDIO,20304,INCENDIO DE COMERCIO
PROTECCION CIVIL,INCENDIO,20311,OTROS INCENDIOS
PROTECCION CIVIL,MEDIO AMBIENTE,20201,"CONTAMINACION DE SUELO, AIRE Y AGUA"
PROTECCION CIVIL,MEDIO AMBIENTE,20203,ENJAMBRE DE ABEJAS
PROTECCION CIVIL,RESCATE,20403,RESCATE ANIMAL
SEGURIDAD,ABANDONO,30101,VEHICULO ABANDONADO
SEGURIDAD,ABANDONO,30102,OBJETO SOSPECHOSO O PELIGROSO
SEGURIDAD,ABANDONO,30103,PERSONA TIRADA EN VIA PUBLICA
SEGURIDAD,ACTOS RELACIONADOS CON ARMAS/ EXPLOSIVOS,30202,DETONACION DE ARMA DE FUEGO
SEGURIDAD,ACTOS RELACIONADOS CON ARMAS/ EXPLOSIVOS,30204,PORTACION DE ARMAS O CARTUCHOS
SEGURIDAD,ACTOS RELACIONADOS CON EL PATRIMONIO,30401,OTRAS ALARMAS DE EMERGENCIAS ACTIVADAS
SEGURIDAD,ACTOS RELACIONADOS CON EL PATRIMONIO,30402,BOTON DE EMERGENCIA ACTIVADO
SEGURIDAD,ACTOS RELACIONADOS CON EL PATRIMONIO,30403,CRISTALAZO O ROBO AL INTERIOR DE VEHICULO
SEGURIDAD,ACTOS RELACIONADOS CON EL PATRIMONIO,30404,DAÑO A PROPIEDAD AJENA
SEGURIDAD,ACTOS RELACIONADOS CON EL PATRIMONIO,30407,EXTORSION TELEFONICA
SEGURIDAD,ACTOS RELACIONADOS CON EL PATRIMONIO,30408,ACTIVACION DE ALARMA EN ESCUELA
SEGURIDAD,ACTOS RELACIONADOS CON EL PATRIMONIO,30414,ROBO A CASA HABITACION SIN VIOLENCIA
SEGURIDAD,ACTOS RELACIONADOS CON EL PATRIMONIO,30416,ROBO A ESCUELA SIN VIOLENCIA
SEGURIDAD,ACTOS RELACIONADOS CON EL PATRIMONIO,30419,ROBO A NEGOCIO CON VIOLENCIA
SEGURIDAD,ACTOS RELACIONADOS CON EL PATRIMONIO,30420,ROBO A NEGOCIO SIN VIOLENCIA
SEGURIDAD,ACTOS RELACIONADOS CON EL PATRIMONIO,30421,ROBO A TRANSEUNTE CON VIOLENCIA
SEGURIDAD,ACTOS RELACIONADOS CON EL PATRIMONIO,30430,ROBO DE VEHICULO PARTICULAR SIN VIOLENCIA
SEGURIDAD,ACTOS RELACIONADOS CON EL PATRIMONIO,30446,OTROS ACTOS RELACIONADOS CON EL PATRIMONIO
SEGURIDAD,ACTOS RELACIONADOS CON LA FAMILIA,30502,VIOLENCIA DE PAREJA
SEGURIDAD,ACTOS RELACIONADOS CON LA FAMILIA,30503,VIOLENCIA FAMILIAR
SEGURIDAD,ACTOS RELACIONADOS CON LA FAMILIA,30504,OTROS ACTOS RELACIONADOS CON LA FAMILIA
SEGURIDAD,ACTOS RELACIONADOS CON LA FAMILIA,30505,MALTRATO INFANTIL
SEGURIDAD,ACTOS RELACIONADOS CON LA LIBERTAD PERSONAL,30601,MENOR EXTRAVIADO
SEGURIDAD,ACTOS RELACIONADOS CON LA LIBERTAD PERSONAL,30602,PERSONA NO LOCALIZADA
SEGURIDAD,ACTOS RELACIONADOS CON LA LIBERTAD PERSONAL,30606,PERSONA DETENIDA
SEGURIDAD,ACTOS RELACIONADOS CON LA LIBERTAD Y LA SEGURIDAD SEXUAL ,30701,ABUSO SEXUAL
SEGURIDAD,ACTOS RELACIONADOS CON LA LIBERTAD Y LA SEGURIDAD SEXUAL ,30702,ACOSO U HOSTIGAMIENTO SEXUAL
SEGURIDAD,ACTOS RELACIONADOS CON LA SEGURIDAD COLECTIVA,30802,ASOCIACION DELICTUOSA O PANDILLERISMO
SEGURIDAD,ACTOS RELACIONADOS CON LA VIDA Y LA INTEGRIDAD PERSONAL,30903,VIOLENCIA CONTRA LA MUJER
SEGURIDAD,ACTOS RELACIONADOS CON LA VIDA Y LA INTEGRIDAD PERSONAL,30904,PERSONA SOSPECHOSA
SEGURIDAD,ACTOS RELACIONADOS CON LA VIDA Y LA INTEGRIDAD PERSONAL,30905,AMENAZA DE SUICIDIO
SEGURIDAD,ACTOS RELACIONADOS CON LA VIDA Y LA INTEGRIDAD PERSONAL,30906,HOMICIDIO
SEGURIDAD,ACTOS RELACIONADOS CON LA VIDA Y LA INTEGRIDAD PERSONAL,30907,PERSONA AGRESIVA
SEGURIDAD,ACTOS RELACIONADOS CON LA VIDA Y LA INTEGRIDAD PERSONAL,30909,AGRESION FISICA EN PANDILLA 
SEGURIDAD,ACTOS RELACIONADOS CON LAS VÍAS DE COMUNICACIÓN / VIALIDAD,30305,VEHICULO A EXCESO DE VELOCIDAD
SEGURIDAD,ACTOS RELACIONADOS CON LAS VÍAS DE COMUNICACIÓN / VIALIDAD,30307,VEHICULO SOSPECHOSO
SEGURIDAD,ACTOS RELACIONADOS CON LAS VÍAS DE COMUNICACIÓN / VIALIDAD,30309,ACCIDENTE DE TRANSITO SIN LESIONADOS
SEGURIDAD,ACTOS RELACIONADOS CON LAS VÍAS DE COMUNICACIÓN / VIALIDAD,30310,OTRAS FALTAS A REGLAMENTO DE TRANSITO
SEGURIDAD,ACTOS RELACIONADOS CON OTROS BIENES JURIDICOS ,31001,ALLANAMIENTO DE MORADA
SEGURIDAD,ACTOS RELACIONADOS CON OTROS BIENES JURIDICOS ,31002,AMENAZA
SEGURIDAD,ACTOS RELACIONADOS CON OTROS BIENES JURIDICOS ,31003,"DAÑO A BIENES PUBLICOS, INSTITUCIONES, MONUMENTOS, ENTRE OTROS"
SEGURIDAD,ACTOS RELACIONADOS CON OTROS BIENES JURIDICOS ,31004,DESCARGA DE DESECHOS SIN PERMISOS
SEGURIDAD,DISTURBIOS Y ALTERACIÓN DEL ORDEN PÚBLICO,31101,ALTERACION DEL ORDEN PUBLICO POR PERSONA ALCOHOLIZADA
SEGURIDAD,DISTURBIOS Y ALTERACIÓN DEL ORDEN PÚBLICO,31102,ALTERACION DEL ORDEN PUBLICO POR PERSONA DROGADA
SEGURIDAD,DISTURBIOS Y ALTERACIÓN DEL ORDEN PÚBLICO,31104,CONSUMO DE ALCOHOL EN VIA PUBLICA
SEGURIDAD,DISTURBIOS Y ALTERACIÓN DEL ORDEN PÚBLICO,31105,CONSUMO DE DROGAS EN VIA PUBLICA
SEGURIDAD,DISTURBIOS Y ALTERACIÓN DEL ORDEN PÚBLICO,31108,GRAFFITIS
SEGURIDAD,DISTURBIOS Y ALTERACIÓN DEL ORDEN PÚBLICO,31109,MANIFESTACION CON DISTURBIOS O BLOQUEOS
SEGURIDAD,DISTURBIOS Y ALTERACIÓN DEL ORDEN PÚBLICO,31112,RIÑA / PELEA CLANDESTINA
SEGURIDAD,DISTURBIOS Y ALTERACIÓN DEL ORDEN PÚBLICO,31113,PERSONA EXHIBICIONISTA
SEGURIDAD,DISTURBIOS Y ALTERACIÓN DEL ORDEN PÚBLICO,31114,OTROS TIPOS DE ALTERACION AL ORDEN PUBLICO
SERVICIOS PUBLICOS,INFRAESTRUCTURA,40104,FALLAS DE SEMAFORO
SERVICIOS PUBLICOS,INFRAESTRUCTURA,40106,CABLES COLGANDO
SERVICIOS PUBLICOS,INFRAESTRUCTURA,40107,CORTO CIRCUITO
SERVICIOS PUBLICOS,INFRAESTRUCTURA,40109,AFECTACION DE LOS SERVICIOS BASICOS O DE INFRAESTRUCTURA ESTRATEGICA
