Parte Informativa,,,,,Relacion con las vistas proporcionadas,,
N°,Campo,Posible tabla secundaria,Descripcion,Origen ,Coleccion,Campo,Observaciones
1,Folio,,Identificador Folio del informe uso de la fuerza,PI,mv_resumen_pi,folio,
2,Folio_Parte_Informativo,,Identificador folio del parte informativa,PI,,,
3,Conocimiento_por_medio,,"Conocimineto del hecho (CERI, COMUNITARIO, RECORRIDO)",,,,
4,Motivo_de_intervencion,,"Tipo de intervención (FALTA ADMINISTRATIVA, PRESUNTO DELITO, OTRO)",PI,mv_resumen_pi,motivo_intervencion,
5,Distrito,,Define el distrito de la intervencion ,PI,mv_resumen_pi,distrito,
6,Fecha,,Fecha de intervencion,PI,mv_resumen_pi,fecha_evento,
7,Hora,,Hora de intervencion,PI,mv_resumen_pi,hora_evento,
8,Municipio,,Municipio de intervencion,,"No viene en los datos generales del PI que es donde si pudiera obtener, estos datos unicamente vienen en las colecciones de las personas involucradas (victima,quejoso, detenido)",,
9,Estado,,Estado de la intervencion,,,,
10,Dependencia/Institucion,,Dependencia o institucion que interviene (SSPM CDJ),,"Creo aqui seria unicamente cuando el uso de la fuerza es por parte de la SSPM, que es cuando se realizara el informe.",,
11,Num_Empleado_IUF,(LLave foranea),Numero de Empleado del Policia que intervino UF,PI,mv_er_agentes,numero_empleado,
12,DPP_Nombre,DPP Datos de Personal de Policia,Nombre del Policia que intervino UF,PI,mv_er_agentes,nombre / apellido_paterno / apellido_materno,
13,DPP_Puesto,DPP Datos de Personal de Policia,Puesto del Policia que intervino UF,PI,mv_er_agentes,puesto,
14,DPP_Departamento,DPP Datos de Personal de Policia,Departamento del Policia que intervino UF,,"En las vistas no se encuentra un campo que designe el departamento, pudiera ser agrupamiento, pero viene junto con distrito que corresponde mas a zona de patrulla o sector.",,
15,DPP_Zona_Patrullaje_Sector,DPP Datos de Personal de Policia,Zona de Patrullaje o Sector del Policia que intervino UF,PI,mv_er_agentes,distrito,
16,Num_Empleado_ET,(LLave foranea),Numero de emplado del Policia Encargado de Turno,PI,mv_er_agentes,numero_empleado,
17,DPP_Nombre_Encargado_Turno,DPP Datos de Personal de Policia,Nombre del Policia Encargado de Turno,PI,mv_er_agentes,nombre / apellido_paterno / apellido_materno,
18,DPP_Grado_Encargado_Turno,DPP Datos de Personal de Policia,Grado del Polciia Encargado de Turno,PI,mv_er_agentes,puesto,
19,IH_Fecha,IH Infromacion del Hecho (Redundante PI-IPH),Fecha de hechos,PI,mv_resumen_pi,fecha_evento,
20,IH_Cruce_calle_1,IH Infromacion del Hecho (Redundante PI-IPH),Calle 1 cruce de calle del evento ,PI,mv_resumen_pi,cruce_1,
21,IH_Cruce_calle_2,IH Infromacion del Hecho (Redundante PI-IPH),Calle 2 cruce de calle del evento,PI,mv_resumen_pi,cruce_2,
22,IH_Colonia,IH Infromacion del Hecho (Redundante PI-IPH),Colonia donde ocurrio el evento,PI,mv_resumen_pi,colonia,
23,IH_Domicilio,IH Infromacion del Hecho (Redundante PI-IPH),Domicilio donde ocurrio el evento,PI,mv_resumen_pi,calle,
24,A_Quien_Se_Da_a_Conocer,,Define a quien se dio a conocer el hecho,PI,mv_er_agentes,nombre / apellido_paterno / apellido_materno,
25,Num_Elemento_I,(Llave Foranea),Numero de elemento involucrado participacion en el evento,PI,mv_er_agentes,numero_empleado,
26,DPP_Nombre,DPP Datos de Personal de Policia,Nombre de elemento involucrado participacion en el evento,PI,mv_er_agentes,nombre / apellido_paterno / apellido_materno,
27,DPP_Distrito,DPP Datos de Personal de Policia,Distrito asignado de elemento involucrado participacion en el evento,PI,mv_er_agentes,distrito,
28,DPP_Puesto,DPP Datos de Personal de Policia,Puesto de elemento involucrado participacion en el evento,PI,mv_er_agentes,puesto,
29,DPD_Nombre_del_Detenido,DPD Datos de detenido,Nombre de la persona detenida,PI,mv_er_detenido,nombre / apellido_paterno / apellido_materno,
30,DPD_Genero,DPD Datos de detenido,"Genero de la persona detenida (MASCULINO, FEMENINO, OTRO)",PI,mv_er_detenido,genero,
31,DPD_Fecha_de_Nacimiento,DPD Datos de detenido,Fecha de nacimiento de la persona detenida,PI,mv_er_detenido,fecha_nacimiento,
32,DPD_Manifiesta_Padecimiento,DPD Datos de detenido,Define SI o No Manifiesta Padecimiento Fisico o Mental,,"Esta información no viene en la vista, lo mas cercano seria si requiero atencion medica",,
33,DPD_Padecimiento,DPD Datos de detenido,Descricpcion de el Padecimiento,,,,
34,DPD_Calidad,DPD Datos de detenido,Define si el detenido es DETENIDO o MUERTO,,"Sin información dentro de las vistas, al menos algo que indique si esta fallecida",,
35,DPD_Descricpcion_FIsica,DPD Datos de detenido,Descricpcion Fisica de la Persona Detenida,,Sin campo de descripcion dentro de la vista mv_er_detenido,,
36,Num_Elemento_IUF2,(Llave Foranea),Numero de elemento involucrado participacion en el evento UF,PI,mv_er_agentes,numero_empleado,
37,DPP_Nombre,DPP Datos de Personal de Policia,Nombre de elemento involucrado participacion en el evento UF,PI,mv_er_agentes,nombre / apellido_paterno / apellido_materno,
38,DPP_Distrito,DPP Datos de Personal de Policia,Distrito asignado de elemento involucrado participacion en el evento UF,PI,mv_er_agentes,distrito,
39,DPP_Puesto,DPP Datos de Personal de Policia,Puesto de elemento involucrado participacion en el evento UF,PI,mv_er_agentes,puesto,
40,Tipo_de_Conducta,,"Conducta origino UF (RESISTENCIA PASIVA, ACTIVA, ALTA PELIGROSIDAD)",,Sin datos en las vistas,,
41,Mecanismo_Reaccion_UF,,"Mecanismo reaccion UF (CONTROL COOPERATIVO, MEDIANTE CONTACTO, CORPORAL - SOMETIMIENTO, DEFENSIVAS, FUERZA LETAL)",,,,
42,Nivel_UF_Utilizado,,"Nivel UF (PRESENCIA, PERSUACION VERBAL, REDUCCION FISICA, ARMAS INCAPACITANTES, ARMA DE FUEGO LETAL)",,,,
43,Instrumento_UF,,"Intrumentos usados (INCAPACITANTES BASTON, LETALES ARMA)",,,,
44,Descripcion_Cronologia_Hechos,,Descricpcion detallada de la actuacion de policia,,,,
45,Situacion_Juridica,,Define SI o NO en situacion juridica ,PI,mv_er_detenido,situacion_juridica,
46,Presentado_Ante,,"Autoridad a la que se presentan detenidos (MP, FISCAL CIVICO, ENTREGA DE HECHOS)",PI,mv_er_detenido,presentado_ante,
47,Fuero,,"Fuero (ESTATAL, FEDERAL, JUEZ CIVICO, TRABAJO SOCIAL, ENTREGA DE HECHOS)",PI,mv_er_detenido,fuero,
48,Requirio_Asistencia_Medica,,Define si requirio aistsencia medica SI o NO,PI,mv_er_detenido,atencion_medica,
49,Se_Brindo_AM_Lugar,,Define si requirio atencion medica en el lugar SI o NO,,Sin datos en las vistas,,
50,Requirio_AM_Especializada,,Define si requirio atencion medica especializada SI o NO,,,,
51,Medio_Solicito_AM,,"El medio por el que se solicioto Atencion Medica (RADIOFRECUENCIA, OTRO)",,,,
52,Especifique_MAM,,En caso de OTRO especificar el medio por el cual se solicito atencion medica,,,,
53,Donde_Recibio_AM,,"Donde recibio atencion medica especializada (HOSPITAL GENERAL, OTRO)",,,,
54,Especifique_DR_AM,,En caso de OTRO especificar en donde recibio a atencion medica especilaizada,,,,
55,Medio_Traslado_AM,,Descripcion de el medio de traslado para atencion medica,,,,
56,Solicito_Ayuda_Otra_Institucion,,Define si solicito ayuda de otra institucion para Atencion Medica SI o NO,,,,
57,Especifique_AOI_AM,,En caso de SI especificar la institucion a la que se pidio ayuda,,,,
58,Clima_Despejado,,Define si el clima esta Despejado (BOLEANO),,,,
59,Clima_Nublado,,Define si el clima esta Nublado (BOLEANO),,,,
60,Clima_Lluvioso,,Define si el clima esta Lluvioso (BOLEANO),,,,
61,Clima_Nevado_AguaNieve,,Define si el clima esta Nevado o Agua nieve (BOLEANO),,,,
62,Clima_Neblina_Polvoriento,,Define si el clima esta Neblina o Polvoriento (BOLEANO),,,,
63,Clima_Otro_Especifique,,Especifique otra caracteristica del clima,,,,
64,Iluminacion_Luz_Diurna,,Definesi la iluminacion es luz diurna (BOLEANO),,,,
65,Iluminacion_Atardecer,,Definesi la iluminacion es atardecer (BOLEANO),,,,
66,Iluminacion_Amanecer,,Definesi la iluminacion es amanecer (BOLEANO),,,,
67,Iluminacion_Nocturno_Oscuro,,Definesi la iluminacion es nocturno oscuro (BOLEANO),,,,
68,Iluminacion_Luz_Artificial_Alta_Intencidad,,Definesi la iluminacion es luz artificial alta intencidad (BOLEANO),,,,
69,Iluminacion_Luz_Artificial_Baja_Intencidad,,Definesi la iluminacion es luz artificial baja intencidad (BOLEANO),,,,
70,Condiciones_Geograficas,,"Condiciones geograficas de el lugar (ABIERTO, CERRADO, MIXTO)",,,,
