PENDIENTE POR CAMBIOS EN APLICACION,,,,
IPH Delitos,,,,
N°,Campo,Posible tabla secundaria,Descripcion,Origen 
,no_referencia,,,
,no_folio_sistema,,,
,no_remision,,,
,SECC. 1 PUESTA DISPOSICION,,,
,PD_fecha,,,
,PD_hora,,,
,PD_no_expediente,,,
,PD_anexoa_detencion(es),,Define SI / NO existe anexo,
,PD_anexob_uso_fuerza,,Define SI / NO existe anexo,
,PD_anexoc_inspeccion_veh,,Define SI / NO existe anexo,
,PD_anexod_inventario_armas_objetos,,Define SI / NO existe anexo,
,PD_anexoe_entrevistas,,Define SI / NO existe anexo,
,PD_anexof_entrega_recepción,,Define SI / NO existe anexo,
,PD_anexog_continuacion_narrativa,,Define SI / NO existe anexo,
,PD_no_se_entregan_anexos,,En caso de no existir ningun anexo,
,PD_documentacion_complementaria,,"Define SI / NO existe documentacion complementaria, en caso de existir se señala",
,PD_dc_fotografia,,Define si la documentacion es fotografia,
,PD_dc_audio,,Define si la documentacion es audio,
,PD_dc_video,,Define si la documentacion es video,
,PD_dc_certificado_medico,,Define si la documentacion es certificado medico,
,PD_dc_otro,,Define si existe otro tipo de documentacion no especificada,
,PD_dc_otro_cual,,Se describe que documentacion no especificada es la que se agrega,
,PD_no_emplado_busqueda,,Numero de empleado del elemento realizo la puesta a disposicion,
,PD_nombre_empleado_realizo,DPP Datos de Personal de Policia,Nombre de elemento realizo la puesta a disposicion,
,PD_ap_empleado_realizo,DPP Datos de Personal de Policia,Apellido paterno de elemento realizo la puesta a disposicion,
,PD_am_empleado_realizo,DPP Datos de Personal de Policia,Apellido materno de elemento realizo la puesta a disposicion,
,PD_cargo_empleado_realizo,DPP Datos de Personal de Policia,Cargo del elemento realizo la puesta a disposicion,
,PD_adscripcion_empleado_realizo,DPP Datos de Personal de Policia,Adscripcion del elemento realizo la puesta a disposicion,
,PD_fiscal_ap,DPP Datos de Personal de Policia,Apellido paterno de fiscal recibe la puesta a disposicion,
,PD_fiscal_am,DPP Datos de Personal de Policia,Apellido materno de fiscal recibe la puesta a disposicion,
,PD_fiscal_nombre,DPP Datos de Personal de Policia,Nombre fiscal recibe la puesta a disposicion,
,PD_fiscal_adscripcion,DPP Datos de Personal de Policia,Adscripcion de fiscal recibe la puesta a disposicion,
,PD_fiscal_cargo,DPP Datos de Personal de Policia,Cargo de fiscal recibe la puesta a disposicion,
,SECC. 2 PRIMER RESPONDIENTE,,,
,PR_no_emplado_busqueda,DPP Datos de Personal de Policia,Numero de empleado del elemento que es el primer respondiente,
,PR_nombre_empleado_realizo,DPP Datos de Personal de Policia,Nombre del elemento que es primer respondiente,
,PR_ap_empleado_realizo,DPP Datos de Personal de Policia,Apellido paterno de elemento que es primer respondiente,
,PR_am_empleado_realizo,DPP Datos de Personal de Policia,Apellido materno de elemento que es primer respondiente,
,PR_institucion_pertenece,DPP Datos de Personal de Policia,Seleccion de la institucion a la que pertenece el primer respondiente,* Unicamente si pertence a SSPE Juarez
,PR_cargo_empleado,DPP Datos de Personal de Policia,Cargo de elemento que es primer respondiente,
,PR_unidad_arribo,DPP Datos de Personal de Policia,Numero asignado al vehiculo en el que llego el primer respondiente,"* Si esta ligado vehiculo con personal, si no seria con datos de vehiculos"
,PR_arribo_mas_elementos,,Define si en la unidad van mas de un elemento,
,PR_arribo_cuantos,,Cantidad de elementos que arribaron,
,SECC. 3 CONOCIMIENTO DEL HECHO,,,
,CH_entero_hecho,,"Se entero del hecho por denuncia, flagrancia, llamada, etc",
,CH_fecha,,Fecha del conocimiento del hecho,
,CH_hora,,Hora del conocimiento del hecho,
,CH_fecha_arribo,,Fecha del arribo al lugar de los hechos,
,CH_hora_arribo,,Hora del arribo al lugar de los hechos,
,SECC. 4 LUGAR DE INTERVENCION,,,
,LI_calle_carretera,,Calle o carretera del lugar de la  intervecion,
,LI_no_ext,,"Si aplica, numero exterior de domicilio de la intervencion",
,LI_no_int,,"Si aplica, numero interior de domicilio  de la intervencion",
,LI_colonia,,Colonia o localidad del lugar  de la intervencion,*viene colonia y localidad juntos
,LI_municipio,,Municipio del lugar  de la intervencion,
,LI_entidad,,Entidad  de la intervencion,
,LI_referencia,,Datos de referencia que ayuden a ubicar el lugar  de la intervencion,
,LI_lat,,Datos de la latitud del lugar  de la intervencion,
,LI_long,,Datos de la longitud del lugar  de la intervencion,
,LI_url_maps,,URL al seleccionar la ubicacion en el mapa  de la intervencion,
,LI_inspeccion,,Dato para indicar si se realiza la inspeccion del lugar (Si / No),
,LI_inspeccion_positiva,,Dato para indicar si se localiza objeto relacionado a los hechos  (Si / No),
,LI_preservacion,,Dato para indicar si se preservo el lugar de la intervencion  (Si / No),
,LI_priorizacion,,Dato para indicar si se llevo a cabo la priorizacion del lugar de la intervencion  (Si / No),
,LI_riesgo,,Se indica el tipo de riesgo presentado (Sociales / Naturales),
,LI_riesgo_especificar,,Campo abierto para especificar el riesgo ya sea social o natural,
,SECC. 5 NARRATIVA DE LOS HECHOS,,,
,NH_CH_no_delito,,Numero consecutivo asignado al numero de delitos que se agreguen,
,NH_CH_delito,,Delito que se agrega al IPH,
,NH_CH_subdelito,,Subdelito que se agrega al IPH,
,NH_CH_violencia,,Dato que indica si hubo violencia o no (Si / No),
,NH_CH_modalidad,,"Dato que indica la modalidad del delito (Con arma blanca, Con arma de fuego, Otro elemento, Accidente transito)",
,NH_narrativa,,Relato cronológicamente de las acciones realizadas durante su intervención desde el conocimiento del hecho hasta la puesta a disposición,
,SECC.ANEXO A (PERSONA DETENIDA),,,
,AA_detenido,,,
,AA_rnd,,Identificador unico del Registro Nacional de Detenidos,
,AA_fecha_detencion,,Fecha de la detencion,
,AA_hora_detencion,,Hora de la detencion,
,AA_ap_detenido,,Apellido paterno del detenido,
,AA_am_detenido,,Apellido materno del detenido,
,AA_nombre_detenido,,Nombre del detenido,
,AA_alias_detenido,,Alias del detenido en caso de contar con ello,
,AA_no_aplica,,? (probablmente seria que no cuenta con alias),
,AA_nacionalidad_detenido,,Identifica si el detenido es Mexicano o Extranjero,
,AA_lugar_nacionalidad_detenido,,Se especifica la nacionalidad del detenido en caso de ser extranjero,
,AA_sexo_detenido,,Identifica si es Hombre o Mujer,
,AA_fnac_detenido,,Fecha de nacimiento del detenido,
,AA_edad_detenido,,Edad del detenido,
,AA_identificacion_detenido,,"Dato para indicar tipo de documento con el que se identifico (INE, Licencia, Pasaporte, Otro)",
,AA_identificacion_otro_detenido,,Dato para ingresar otro tipo de documento con el que se haya identificado no previsto en el campo AA_identificacion_detenido,
,AA_no_identificacion_detenido,,Dato para ingresar el numero de identificacion proporcionado,
,AA_domicilio_calle_carretera_detenido,,Calle o carretera del domicilio del detenido,
,AA_domicilio_no_ext_detenido,,"Si aplica, numero exterior del domicilio del detenido",
,AA_domicilio_no_int_detenido,,"Si aplica, numero interior del domicilio del detenido",
,AA_domicilio_cp_detenido,,Codigo postal del domicilio del detenido,
,AA_domicilio_colonia_detenido,,Colonia o localidad del domicilio del detenido,
,AA_domicilio_municipio_detenido,,Municipio del domicilio del detenido,
,AA_domicilio_entidad_detenido,,Entidad del domicilio del detenido,
,AA_domicilio_referencia_detenido,,Datos de referencia que ayuden a ubicar el domicilio del detenido,
,AA_descripcion_detenido,,"Campo para describir brevemente la persona detenida, incluyendo vestimenta y rasgos fisicos",
,AA_lesiones_detenido,,Especifica unicamente (Si / No) cuenta con lesiones,
,AA_padecimiento_detenido,,Especifica unicamente (Si / No) cuenta con algun padecimiento,
,AA_tipo_padecimiento,,Campo abierto que en caso de contar con padecimiento aqui ya se especifica cual padecimiento,
,AA_grupo_vulnerable_detenido,,Especifica unicamente (Si / No) pertenece a algun grupo vulnerable,
,AA_cual_grupo_vulnerable,,Campo abierto que en caso de pertencer a algun grupo vulnerable aqui ya se especifica cual,
,AA_grupo_delictivo_detenido,,Especifica unicamente (Si / No) pertenece a algun grupo delictivo,
,AA_cual_grupo_delictivo,,Campo abierto que en caso de pertencer a algun grupo delictivo aqui ya se especifica cual,
,AA_ap_familiar_detenido,,Apellido paterno del familiar que proporciona el detenido,
,AA_am_familiar_detenido,,Apellido materno del familiar que proporciona el detenido,
,AA_nombre_familiar_detenido,,Nombre del familiar que proporciona el detenido,
,AA_tel_familiar_detenido,,Telefono del familiar que proporciona el detenido,
,AA_sin_familiar_detenido,,Indica si no proporciono datos de un familiar,
,AA_lectura_derechos,,Indica (SI / NO) se le informo sus derechos al detenido,
,AA_objeto_retenido,,Indica (SI / NO) se encontro un objeto relacionado con los hechos,
,AA_pertenencias_retenido,,Indica (SI / NO) se recolectaron pertenencias del detenido,
,AA_pertenencia_detenido,,Campo abierto para nombrar la pertenencia recolectada,
,AA_descripcion_pertenencia,,Campo abierto para agregar una breve descripcion de la pertenencia recolectada,
,AA_destino_pertenencia,,Campo abierto para indicar el destino o area donde sera depositada la pertenencia recolectada,
,AA_lugar_detencion,,Indica (SI / No) el lugar de la detencion es el mismo que la intervencion,
,AA_calle_carretera_detenido,LI_calle_carretera (En caso que anterior sea SI),Calle o carretera del lugar de detencion,
,AA_no_ext_detenido,LI_no_ext (En caso que anterior sea SI),"Si aplica, numero exterior del domicilio del detenido",
,AA_no_int_detenido,LI_no_int (En caso que anterior sea SI),"Si aplica, numero interior del domicilio del detenido",
,AA_cp_detenido,,Codigo postal del domicilio del detenido,
,AA_colonia_detenido,LI_colonia (En caso que anterior sea SI),Colonia o localidad del domicilio del detenido,
,AA_municipio_detenido,LI_municipio (En caso que anterior sea SI),Municipio del domicilio del detenido,
,AA_entidad_detenido,LI_entidad (En caso que anterior sea SI),Entidad del domicilio del detenido,
,AA_referencia_detenido,LI_referencia (En caso que anterior sea SI),Datos de referencia que ayuden a ubicar el domicilio del detenido,
,AA_traslado_detenido,,"Indicar el lugar de traslado (Fiscalia/Agencia , Hospital, Otra dependencias)",
,AA_dependencia_traslado,,Campo abierto para indicar el destino del detenido en caso de haber indicado Otra dependencia en el campos AA_traslado_detenido,
,AA_observaciones,,"Campo abierto para describir brevemente la ruta, medio de traslado del lugar de la detención hasta la puesta a disposición, así como la razón de posibles demoras o cual otra observacion",
,PR_no_emplado_busqueda,,Campo para buscar registros por numero de empleado,
,PR_ap_empleado_realizo,SECC. 2 PRIMER RESPONDIENTE,Apellido paterno de elemento que es primer respondiente,
,PR_am_empleado_realizo,SECC. 2 PRIMER RESPONDIENTE,Apellido materno de elemento que es primer respondiente,
,PR_nombre_empleado_realizo,SECC. 2 PRIMER RESPONDIENTE,Nombre del elemento que es primer respondiente,
,PR_institucion_pertenece,SECC. 2 PRIMER RESPONDIENTE,Seleccion de la institucion a la que pertenece el primer respondiente,
,PR_cargo_empleado,SECC. 2 PRIMER RESPONDIENTE,Cargo de elemento que es primer respondiente,
,SECC.ANEXO B (USO DE LA FUERZA),,,
,AB_lesionados_autoridad,,Indica si hay autoridades lesionadas,
,AB_cant_lesionados_autoridad,,Se indica la cantidad de autoridades lesionadas,
,AB_lesionados_personas,,Indica si hay personas lesionadas,
,AB_cant_lesionados_personas,,Se indica la cantidad de personas lesionadas,
,AB_fallecidos_autoridad,,Indica si hay autoridades fallecidas,
,AB_cant_fallecidos_autoridad,,Se indica la cantidad de autoridades fallecidas,
,AB_fallecidos_personas,,Indica si hay personas fallecidas,
,AB_cant_fallecidos_personas,,Se indica la cantidad de personas fallecidas,
,AB_tipo_uso_fuerza,,Seleccion segun corresponda (Reduccion fisica de movimientos / Utilizacion de arma incapacitante / Utilizacion de arma de fuego),
,AB_descripcion,,Campo abierto para describir las conductas que motivaron al uso de la fuerza,
,AB_asistencia_medica,,Indica (SI / NO) se solicito asistencia medica,
,AB_descripcion_am,,"Campo abierto para explicar porque se brindo o solicito la asistencia medica, en su defecto pudiera se tambien porque no se realizo",
,PR_ap_empleado_realizo,SECC. 2 PRIMER RESPONDIENTE,Solo si es diferente a quien firmo la puesta a disposicion,
,PR_am_empleado_realizo,SECC. 2 PRIMER RESPONDIENTE,,
,PR_nombre_empleado_realizo,SECC. 2 PRIMER RESPONDIENTE,,
,PR_institucion_pertenece,SECC. 2 PRIMER RESPONDIENTE,,
,PR_cargo_empleado,SECC. 2 PRIMER RESPONDIENTE,,
,SECC.ANEXO C (INSPECCION VEHICULO),,,
,AC_vehiculo,,Dato numerico,
,AC_fecha_inspeccion,,,
,AC_hora_inspeccion,,,
,AC_tipo,,Campo seleccion (Terrestre / Acuatico / Aereo ),
,AC_procedencia,,Campo seleccion (Nacional / Extranjero),
,AC_marca_veh,,,
,AC_submarca_veh,,,
,AC_modelo_veh,,,
,AC_color_veh,,,
,AC_uso_veh,,Campo de seleccion (Particular / Transporte publico / carga),
,AC_placa_veh,,,
,AC_serie_veh,,,
,AC_situacion_veh,,Campo de seleccion (Con reporte robo / Sin reporte robo / No es posible saberlo),
,AC_observaciones,,Campo abierto para indicar observaciones de la inspeccion del vehiculo,
,AC_destino,,Campo abierto para indicar si el vehiculo sera trasladado y a donde,
,AC_objetos,,Indica (SI / NO) se localizaron objetos relacionados con los hechos,
,PR_ap_empleado_realizo,SECC. 2 PRIMER RESPONDIENTE,Solo si es diferente a quien firmo la puesta a disposicion,
,PR_am_empleado_realizo,SECC. 2 PRIMER RESPONDIENTE,,
,PR_nombre_empleado_realizo,SECC. 2 PRIMER RESPONDIENTE,,
,PR_institucion_pertenece,SECC. 2 PRIMER RESPONDIENTE,,
,PR_cargo_empleado,SECC. 2 PRIMER RESPONDIENTE,,
,* datos de vehiculo de nuevo *,,,
,SECC.ANEXO D (INVENTARIO ARMAS Y OBJETOS),,,
,AD_id_arma,,,
,AD_aportacion_inspeccion_arma,,Campo de seleccion (Aportacion / Lugar / Persona / Vehiculo),
,AD_ubicacion_arma,,,
,AD_tipo_arma,,Campo de seleccion (Corta / Larga),
,AD_calibre_arma,,,
,AD_color_arma,,,
,AD_Matricula_arma,,,
,AD_serie_arma,,,
,AD_observaciones_arma,,,
,AD_destino_arma,,,
,AD_ap_aseguro_arma,,,
,AD_am_aseguro_arma,,,
,AD_nombre_aseguro_arma,,,
,AD_ap_testigo1_arma,,,
,AD_am_testigo1_arma,,,
,AD_nombre_testigo1_arma,,,
,AD_ap_testigo2_arma,,,
,AD_am_testigo2_arma,,,
,AD_nombre_testigo2_arma,,,
,AD_id_sustancia,,,
,AD_sustancia,,Campo de seleccion (Narcotico / Hidrocarburo / Numerario / Otro),
,AD_sustancia_otro,,Campo abierto para especificar otro tipo de sustancia no contemplada en AD_sustancia,
,AD_aportacion_inspeccion_sustancia,,Campo de seleccion (Aportacion / Lugar / Persona / Vehiculo),
,AD_ubicacion_sustancia,,,
,AD_descripcion_sustancia,,Campo abierto para ingresar una breve descripcion de la sustancia,
,AD_destino_sustancia,,Campo abierto para ingresar el destino de la sustancia,
,AD_ap_aseguro_sustancia,,,
,AD_am_aseguro_sustancia,,,
,AD_nombre_aseguro_sustancia,,,
,AD_ap_testigo1_sustancia,,,
,AD_am_testigo1_sustancia,,,
,AD_nombre_testigo1_sustancia,,,
,AD_ap_testigo2_sustancia,,,
,AD_am_testigo2_sustancia,,,
,AD_nombre_testigo2_sustancia,,,
,AD_id_objeto,,,
,AD_objeto,,,
,AD_objeto_otro,,,
,AD_aportacion_inspeccion_objeto,,,
,AD_ubicacion_objeto,,,
,AD_descripcion_objeto,,,
,AD_destino_objeto,,,
,AD_ap_aseguro_objeto,,,
,AD_am_aseguro_objeto,,,
,AD_nombre_aseguro_objeto,,,
,AD_ap_testigo1_objeto,,,
,AD_am_testigo1_objeto,,,
,AD_nombre_testigo1_objeto,,,
,AD_ap_testigo2_objeto,,,
,AD_am_testigo2_objeto,,,
,AD_nombre_testigo2_objeto,,,
,SECC.ANEXO (LECTURA DERECHOS MENOR INFRACTOR),,,
,ADM_no_referencia,,,
,ADM_dependencia,,Dependencia se da lectura de los derechos,
,ADM_entidad,,Entidad donde se da lectura de los derechos,
,ADM_ciudad,,Ciudad donde se da lectura de los derechos,
,ADM_lugar_realizo,,Lugar donde se realiza la lectura de los derechos,
,ADM_fecha,,Fecha cuando se da lectura de los derechos,
,ADM_hora,,Hora cuando se da lectura de los derechos,
,ADM_comprendio,,Indica (SI / NO) el infractor comprendio sus derechos,
,ADM_nombre_infractor,,Nombre del menor detenido,
,ADM_nombre_actuante,,Nombre del actuante,
,ADM_notas,,Campo abierto para anotar cualquier inconsistencia del infractor,
